,ElementA,ElementB,Afrac,Bfrac,Method,Temperature,Isotope,CrystalStruct,E_totalC,lattice_aC,lattice_c.aC,pack.factorC,radius.of.hostC,atomic.number.of.hostC,valence.electron.of.hostC,ThermExpC,atomic.mass.of.hostC,Td.TmC,EvacC,_nwsC,__*C,Q1C,ThermalConductivityC,CAtomic.Volume,CAtomic.Weight,CBoiling.Temp,CBulk.Modulus,CColumn,CCovalent.Radius,CDensity,CDipolePolarizability,CElectronAffinity,CElectronegativity,CFirstIonizationEnergy,CFusionEnthalpy,CGsenergy_pa,CGSestBCClatcnt,CGSestFCClatcnt,CGsmagmom,CGsvolume.pa,CHHlp,CHHlr,CHeatCapacityMass,CHeatCapacityMolar,CHeatFusion,CICSD,CIsDBlock,CMeltingT,CMiracleRadius,CNunfilled,CNvalence,CNfvalence,CNpunfilled,CNpvalence,CNsUnfilled,CNsValence,CNumber,CPolarizability,CRow,CShearModulus,CSpaceGroupNumber,CZungerPP.r_d,CZungerPP.r_p,CZungerPP.r_pi,CZungerPP.r_s,CZungerPP.r_sigma,Cn_ws.third,Cphi,Isotope_Tritium,Stoichiometric_2,Stoichiometric_3,Stoichiometric_5,Stoichiometric_7,Stoichiometric_10,bcc_A,fcc_A,hcp_A,bcc_B,fcc_B,hcp_B,Cbcc,Cfcc,Chcp,MinOx_A,MinOx_B,MinOx_C,MaxOx_A,MaxOx_B,MaxOx_C,SpecificHeatA,SpecificHeatB,SpecificHeat
0,27,46,3.22,96.78,1,313,1,1,-5.197849,3.957381,1,0.74,139.839,45.3882,9.9678,11.83864,104.89082,0.1521558,1.42093,1.30254,3.23873,1.7697795,0.729016,14.57916,104.89092,3234.841,180,9.9678,138.5814,11922.439,4.88694,54.022,2.189696,8.32222,16.72261,-5.200327,3.055336,3.849482,0.049860773,14.27589,3196.78,7829.34,0.2496994,25.94233,16.72261,14.60408,1,1826.116,141.4526,0.0966,9.9678,0,0,0,0,0.0644,45.3882,4.88694,4.9678,44.9982,224.0018,0.393882,1.361306,0.286458,1.074848,2.436154,1.672576,5.43873,5.310051,3.929556,1,0.74,139.5326,44.2237,0,0,1,0,1,0,0,0.9678,0.0322,2,2,2,3,3,3,4.73,9.42,9.268982
1,26,28,85,15,2,331.5,1,0,-7.82789,2.81855,1,0.68,139.25,26.3,8.3,12.04,56.276,0.2657575,2.215,2.1415,2.7705,0.6408662,0.8165,11.65195,56.27226,3141.8,171.5,8.3,130.8,8029.1,8.16,30.145,1.842,7.86301,14.3605,-7.87461,2.773545,3.494448,1.883372585,10.6685,2190,1415,0.44825,25.2455,14.3605,11.642,1,1798.55,125.15,3.7,8.3,0,0,0,0,2,26.3,8.16,4,81.1,228.4,0.21625,1.169,0.2175,0.9515,2.1205,1.767,4.9705,6.435021,2.796067,1,0.68,134.3625,27.235,1,0,0,0,1,0,0.85,0.15,0,2,2,2,3,3,3,4.98,7.02,5.286
2,26,46,20.16,79.84,1,311.5,1,1,-5.753437,3.865958,1,0.74,140,41.968,9.5968,11.8,96.22509,0.1717954,1.593536,1.459424,3.145168,1.9834322,0.736128,14.10951,96.22408,3215.437,177.984,9.5968,137.5888,11186.562,5.52576,46.0392,2.125408,8.249305,16.14931,-5.772353,3.008083,3.789947,0.42550962,13.66811,3038.72,6669.44,0.285328,25.80259,16.14931,14.1273,1,1824.613,138.5728,0.8064,9.5968,0,0,0,0,0.4032,41.968,5.52576,4.7984,51.6608,225.8064,0.363712,1.327664,0.273872,1.053792,2.381456,1.69016,5.345168,6.61084,3.718009,1,0.74,140,36.34255,1,0,0,0,1,0,0.2016,0.7984,0,2,2,2,3,3,3,4.98,9.42,8.524896
3,25,46,5.1,94.9,1,317,1,1,-5.33013,3.94803,1,0.74,140,44.929,9.847,12.3049,103.79452,0.1547345,1.46324,1.25501,3.199,1.8164905,0.68736,14.57162,103.79442,3189.998,176.94,9.847,139,11790.797,5.0346,50.9613,2.16685,8.290853,16.54467,-5.335797,3.050233,3.843053,1.58E-05,14.20996,3118.4,7683.8,0.255985,25.99734,16.54467,14.59148,1,1812.288,141.49,0.255,9.847,0,0,0,0,0.102,44.929,5.0346,4.949,45.734,224.592,0.39133,1.36286,0.28745,1.07541,2.43827,1.66694,5.399,5.683331,3.903757,1,0.74,140,42.95086,0,0,0,0,1,0,0,0.949,0,2,2,2,7,3,3.204,9.2,9.42,9.40878
4,41,22,29.69174,70.308256,3,453.15,1,0,-9.349913,3.29795,1,0.68,143.5154,35.35857,4.703083,7.685993,79.53684,0.1353006,2.9043699,0.7627743,1.805462,0.2455002,0.4449864,17.74493,61.23998,3992.609,127.815,4.296917,161.1877,5713.376,14.926609,30.90802,1.557815,6.807553,18.85614,-8.46351,3.247442,4.09152,1.58E-05,17.13241,3297.189,3737.806,0.4470984,24.92342,18.85614,17.81252,1,2181.206,142.2969,7.7030826,4.296917,0,0,0,0.2969174,1.703083,27.64143,14.926609,4.296917,42.2185,204.3921,0.348291011,1.459692,0.2859383,1.1737534,2.633445,1.55563,3.874229,10.536429,3.271272,1,0.68,141.8686,29.10082,1,0,0,0,0,1,0.2969174,0,0.70308256,3,2,2.296917,5,4,4.296917,7.79,1.47,3.3465182
5,41,23,90,10,4,389,1,0,-9.93826,3.289,1,0.68,144,39.2,5,7.41,88.713,0.1090642,2.909,1.03,1.87,0.2279999,0.517,17.58641,88.70989,4883.3,169,5,162.9,8324,15.37,82.55,1.603,6.757584,29.15,-9.977915,3.277933,4.129937,0,17.663,7980,8260,0.2874,24.629,29.15,17.723,1,2693.3,142.1,7,5,0,0,0,0.9,1.1,39.2,15.37,4.9,38.9,229,0.485,1.511,0.295,1.216,2.727,1.64,4.07,9.255718,2.9623,1,0.68,134.1,21.38,1,0,0,1,0,0,1,0,0,3,2,2.9,5,5,5,7.79,9.26,7.937
6,26,28,60,40,2,331.5,1,1,-7.0684,3.4744,1,0.74,138,26.8,8.8,12.44,56.986,0.2690108,2.076,2.094,2.838,2.4602899,0.844,11.44293,56.98436,3154.8,174,8.8,128.8,8287.6,7.76,54.22,1.862,7.79736,15.278,-7.18982,2.764581,3.483154,1.50455556,10.566,1840,1440,0.447,25.488,15.278,11.412,1,1777.8,125.4,3.2,8.8,0,0,0,0,2,26.8,7.76,4,79.6,227.4,0.21,1.184,0.23,0.954,2.138,1.762,5.038,7.40404,3.46588,1,0.74,133.8,26.56,1,0,0,0,1,0,0.6,0.4,0,2,2,2,3,3,3,4.98,7.02,5.796
7,41,23,75,25,4,389,1,0,-9.77575,3.2395,1,0.68,142.5,36.5,5,7.575,82.4175,0.1216291,2.8625,1.03,1.9,0.2831191,0.4825,16.96282,82.41516,4682.75,167.5,5,161.25,7955,14.875,77.225,1.6075,6.755685,27.875,-9.804806,3.225487,4.063859,0,16.8875,7200,7450,0.321,24.6725,27.875,17.0825,1,2608.25,140.75,7,5,0,0,0,0.75,1.25,36.5,14.875,4.75,40.25,229,0.4475,1.4825,0.2875,1.195,2.6775,1.64,4.1,9.572612,2.930125,1,0.68,133.125,19.625,1,0,0,1,0,0,1,0,0,3,2,2.75,5,5,5,7.79,9.26,8.1575
8,22,23,20,80,4,389,1,0,-8.7106,3.0418,1,0.68,136,22.8,4.8,8.44,50.326,0.191015,2.668,0.85,1.98,0.5217623,0.292,14.60318,50.3266,3656,150,4.8,154.4,5789.4,12.84,42,1.612,6.762576,20.03,-8.706454,3.014564,3.798113,4.50E-06,13.746,2860,3040,0.496,24.924,20.03,14.638,1,2134.6,135.6,7.2,4.8,0,0,0,0,2,22.8,12.84,4,46.4,222,0.264,1.358,0.256,1.102,2.46,1.616,4.16,9.16528,2.95216,1,0.68,134.2,22.52,0,0,1,1,0,0,0.8,0,0.2,2,2,2,4,5,4.8,1.47,9.26,7.702
9,22,23,90,10,5,750,1,0,-7.8265,3.2161,1,0.68,139.5,22.1,4.1,8.58,48.177,0.2139811,2.801,0.22,1.735,0.3924284,0.229,17.25718,48.17445,3572,115,4.1,159.3,4667.3,14.38,11.9,1.549,6.819927,14.885,-7.89163,3.194145,4.02437,2.03E-05,16.322,1320,1780,0.5205,25.043,14.885,17.291,1,1965.2,141.2,7.9,4.1,0,0,0,0,2,22.1,14.38,4,44.3,197.5,0.278,1.421,0.277,1.144,2.565,1.532,3.845,9.07687,2.96959,1,0.68,134.55,22.73,0,0,1,1,0,0,0.1,0,0.9,2,2,2,4,5,4.1,1.47,9.26,2.249
10,27,46,15.19,84.81,1,314.5,1,1,-5.416983,3.903037,1,0.74,139.2405,43.1139,9.8481,11.98228,99.20627,0.1655139,1.498735,1.38633,3.196835,1.7991056,0.762532,14.13597,99.20675,3230.532,180,9.8481,137.0253,11548.616,5.21013,55.219,2.151392,8.26765,16.65797,-5.432858,3.01589,3.799783,0.235212775,13.77734,3184.81,7194.93,0.2708863,25.80228,16.65797,14.17316,1,1818.928,139.4177,0.4557,9.8481,0,0,0,0,0.3038,43.1139,5.21013,4.8481,48.7089,220.2911,0.371139,1.328987,0.273291,1.055696,2.384683,1.682152,5.396835,5.846427,3.796538,1,0.74,138.0676,38.6569,0,0,1,0,1,0,0,0.8481,0.1519,2,2,2,3,3,3,4.73,9.42,8.707589
11,29,28,70,30,6,630,1,1,-4.16359,3.5968,1,0.74,135,28.7,10.7,15.57,62.092,0.2621028,1.363,0.734,2.475,1.4119071,0.931,11.56334,62.09022,3195.8,152,10.7,129.6,8916.4,6.345,116.48,1.903,7.700406,14.764,-4.240356,2.7885,3.513289,0.17861841,10.845,1420,1500,0.4027,24.929,14.764,11.525,1,1468.839,126,1.3,10.7,0,0,0,0.7,1.3,28.7,6.345,4,56.4,225,0.188,1.178,0.274,0.904,2.082,1.554,4.675,5.758183,3.49306,1,0.74,135,27.79,0,1,0,0,1,0,0,1,0,1,2,1.3,2,3,2.3,0.695,7.02,2.5925
12,29,28,30,70,6,630,1,1,-4.86451,3.5512,1,0.74,135,28.3,10.3,14.33,60.148,0.2705118,1.527,1.446,2.775,1.6676823,0.919,11.20788,60.14918,3190.2,168,10.3,126.4,8911.6,6.605,113.92,1.907,7.665774,16.316,-4.986624,2.762539,3.480581,0.41677629,10.545,1180,1500,0.4263,25.581,16.316,11.145,1,1616.931,126,1.7,10.3,0,0,0,0.3,1.7,28.3,6.605,4,67.6,225,0.192,1.202,0.266,0.936,2.138,1.666,4.975,5.758183,3.49306,1,0.74,135,27.79,0,1,0,0,1,0,0,1,0,1,2,1.7,2,3,2.7,0.695,7.02,5.1225
13,22,23,20,80,4,389,2,0,-8.7106,3.0418,1,0.68,136,22.8,4.8,8.44,50.326,0.191015,2.668,0.85,1.98,0.5217623,0.292,14.60318,50.3266,3656,150,4.8,154.4,5789.4,12.84,42,1.612,6.762576,20.03,-8.706454,3.014564,3.798113,4.50E-06,13.746,2860,3040,0.496,24.924,20.03,14.638,1,2134.6,135.6,7.2,4.8,0,0,0,0,2,22.8,12.84,4,46.4,222,0.264,1.358,0.256,1.102,2.46,1.616,4.16,9.16528,2.95216,1,0.68,134.2,22.52,0,0,1,1,0,0,0.8,0,0.2,2,2,2,4,5,4.8,1.47,9.26,7.702
14,26,28,40,60,2,331.5,1,1,-6.509,3.4886,1,0.74,137,27.2,9.2,12.76,57.554,0.2716134,1.934,2.056,2.892,2.2600312,0.866,11.27572,57.55404,3165.2,176,9.2,127.2,8494.4,7.44,73.48,1.878,7.74484,16.012,-6.641988,2.75741,3.474119,1.20150194,10.484,1560,1460,0.446,25.682,16.012,11.228,1,1761.2,125.6,2.8,9.2,0,0,0,0,2,27.2,7.44,4,78.4,226.6,0.205,1.196,0.24,0.956,2.152,1.758,5.092,7.40404,3.46588,1,0.74,133.8,26.56,1,0,0,0,1,0,0.4,0.6,0,2,2,2,3,3,3,4.98,7.02,6.204
15,29,30,95.13446,4.865539,7,620,2,1,-3.513858,3.645986,1,0.74,135,29.04866,11.048655,17.166579,63.63953,0.2664585,1.2005891,0.2428167,2.232971,1.2165781,0.9507042,11.99419,63.63523,3101.716,136.5941,11.048655,131.5134,8833.393,5.567757,112.6392,1.887836,7.807528,13.28218,-3.561904,2.818953,3.551658,0,11.21061,1600,1519.462,0.385146,24.48622,13.28218,11.97446,1,1325.41,126.6812,0.9513446,11.048655,0,0,0,0.9513446,1.048655,29.04866,6.133782,4,47.75672,223.4917,0.184513446,1.155134,0.2780538,0.8770807,2.032215,1.462702,4.432971,1.44252,3.89623,1,0.74,135,29.86114,0,1,0,0,0,1,0,0.9513446,0.04865539,1,2,1.048655,2,2,2,0.695,0.64,0.692324
16,28,46,41.83,58.17,1,324,1,1,-5.244019,3.781674,1,0.74,137.9085,38.4706,10,12.46928,86.45454,0.2022119,1.504575,1.57281,3.145425,1.8027263,0.799477,13.12679,86.45596,3215.085,180,10,132.7255,10719.996,5.6366,78.08689,2.078693,8.045303,17.04954,-5.308671,2.930887,3.692686,0.249053603,12.69915,2279.74,5281.05,0.32766,26.01765,17.04954,13.10536,1,1786.199,135.3072,0.8366,10,0,0,0,0,0.8366,38.4706,5.6366,4.5817,57.3856,225,0.3142485,1.307255,0.277451,1.029804,2.337059,1.703464,5.345425,5.322343,3.639861,1,0.74,136.3501,32.86044,0,1,0,0,1,0,0,1,0,2,2,2,3,3,3,7.02,9.42,8.41608
17,41,23,11,89,8,400,1,0,-9.082374,3.0283,1,0.68,136.1,24.98,5,8.279,55.5567,0.175239,2.6641,1.03,2.028,0.5182941,0.3353,14.30219,55.55764,3827.07,161.1,5,154.21,6380.6,12.763,54.505,1.6267,6.747583,22.435,-9.066207,3.001716,3.781925,0,13.5787,3872,3994,0.46436,24.8581,22.435,14.3497,1,2245.37,134.99,7,5,0,0,0,0.11,1.89,24.98,12.763,4.11,46.01,229,0.2875,1.3609,0.2555,1.1054,2.4663,1.64,4.228,9.281395,2.959693,1,0.68,134.021,21.2378,1,0,0,1,0,0,1,0,0,3,2,2.11,5,5,5,7.79,9.26,9.0983
18,24,46,1.38,98.62,1,318,1,1,-5.193349,3.967129,1,0.74,140,45.6964,9.9448,11.70478,105.669,0.1507033,1.403726,1.287176,3.23896,1.7961606,0.723036,14.66243,105.66895,3231.97,179.724,9.9448,139,11955.615,4.89384,53.84628,2.192548,8.315229,16.79879,-5.198052,3.062527,3.858542,0,14.36556,3198.62,7946.18,0.246829,25.94371,16.79879,14.6826,1,1832.907,141.8344,0.0828,9.9448,0,0,0,0.0138,0.0138,45.6964,4.89384,4.9862,44.9798,225.0552,0.39793,1.37,0.290138,1.079862,2.449862,1.670828,5.43896,5.299994,3.957587,1,0.74,140,45.10177,1,0,0,0,1,0,0.0138,0.9862,0,2,2,2,6,3,3.0414,1.4,9.42,9.309324
19,27,46,9.61,90.39,1,314,1,1,-5.31483,3.928371,1,0.74,139.5195,44.1741,9.9039,11.91532,101.85621,0.1592868,1.462465,1.34727,3.216365,1.7854348,0.746908,14.34257,101.85652,3232.54,180,9.9039,137.7507,11722.88,5.05947,54.661,2.169248,8.293089,16.68811,-5.32446,3.034278,3.822951,0.148808082,14.00974,3190.39,7490.67,0.2610097,25.86756,16.68811,14.37404,1,1822.279,140.3663,0.2883,9.9039,0,0,0,0,0.1922,44.1741,5.05947,4.9039,46.9791,222.0209,0.381741,1.344053,0.279429,1.064624,2.408677,1.677688,5.416365,5.61597,3.85369,1,0.74,138.697,41.04871,0,0,1,0,1,0,0,0.9039,0.0961,2,2,2,3,3,3,4.73,9.42,8.969291
20,29,30,85.3643,14.635702,7,620,2,1,-3.264777,3.676078,1,0.74,135,29.14636,11.146357,18.505091,63.8193,0.2878691,1.1214508,0.3287942,2.198775,1.2095546,0.9721985,12.32401,63.81442,2904.359,129.755,11.146357,130.5364,8659.484,4.398594,101.07133,1.863411,7.970477,12.644,-3.323448,2.841007,3.579444,0,11.49297,1600,1558.543,0.3854391,24.57904,12.644,12.30469,1,1260.429,128.049,0.853643,11.146357,0,0,0,0.853643,1.146357,29.14636,6.101214,4,47.26821,220.4629,0.18353643,1.145364,0.2741457,0.8712186,2.016583,1.448046,4.398775,2.04404,3.823559,1,0.74,135,29.62519,0,1,0,0,0,1,0,0.853643,0.14635702,1,2,1.146357,2,2,2,0.695,0.64,0.6869504
21,22,23,30,70,4,389,1,0,-8.5843,3.0667,1,0.68,136.5,22.7,4.7,8.46,50.019,0.1942959,2.687,0.76,1.945,0.503286,0.283,14.98232,50.01915,3644,145,4.7,155.1,5629.1,13.06,37.7,1.603,6.770769,19.295,-8.590051,3.040219,3.830435,6.75E-06,14.114,2640,2860,0.4995,24.941,19.295,15.017,1,2110.4,136.4,7.3,4.7,0,0,0,0,2,22.7,13.06,4,46.1,218.5,0.266,1.367,0.259,1.108,2.475,1.604,4.115,9.22843,2.93971,1,0.68,133.95,22.37,0,0,1,1,0,0,0.7,0,0.3,2,2,2,4,5,4.7,1.47,9.26,6.923
22,29,28,9,91,6,630,1,1,-5.232493,3.52726,1,0.74,135,28.09,10.09,13.679,59.1274,0.2749266,1.6131,1.8198,2.9325,1.8019643,0.9127,11.02126,59.13013,3187.26,176.4,10.09,124.72,8909.08,6.7415,112.576,1.9091,7.647592,17.1308,-5.378414,2.748909,3.463409,0.541809177,10.3875,1054,1500,0.43869,25.9233,17.1308,10.9455,1,1694.679,126,1.91,10.09,0,0,0,0.09,1.91,28.09,6.7415,4,73.48,225,0.1941,1.2146,0.2618,0.9528,2.1674,1.7248,5.1325,5.533713,3.507663,1,0.74,135,27.9181,0,1,0,0,1,0,0,1,0,1,2,1.91,2,3,2.91,0.695,7.02,6.45075
23,28,46,30.95,69.05,1,323.5,1,1,-5.216677,3.831177,1,0.74,138.4525,40.429,10,12.2952,91.64757,0.1882577,1.477375,1.49665,3.172625,1.7921049,0.778805,13.53556,91.64862,3220.525,180,10,134.3575,11058.907,5.419,71.74385,2.110245,8.121148,16.96903,-5.264221,2.966016,3.736946,0.18427466,13.14414,2519.1,5988.25,0.3059,26.00785,16.96903,13.52533,1,1797.085,137.048,0.619,10,0,0,0,0,0.619,40.429,5.419,4.6905,53.904,225,0.3365525,1.323575,0.280715,1.04286,2.366435,1.69476,5.372625,5.300016,3.680286,1,0.74,136.7944,34.45967,0,1,0,0,1,0,0,1,0,2,2,2,3,3,3,7.02,9.42,8.6772
24,47,46,30,70,9,718.15,1,1,-4.41524,4.0269,1,0.74,146,46.3,10.3,13.93,106.855,0.1592046,1.283,1.154,2.92,2.3337897,1.791,15.41156,106.85446,2995.7,156,10.3,140.8,11563.1,5.457,75.27,2.119,8.108699,15.108,-4.42606,3.105107,3.91219,0,14.986,2600,6020,0.2413,25.791,15.108,15.419,1,1650.114,142.6,0.3,10.3,0,0,0,0.3,0.3,46.3,5.457,5,39.8,225,0.3955,1.358,0.2885,1.0695,2.4275,1.577,5.12,5.645462,3.93357,1,0.74,135.8,45.79,0,1,0,0,1,0,0,1,0,1,2,1.7,1,3,2.4,0.646,9.42,6.7878
25,45,46,40,60,10,391.5,1,1,-5.93894,3.922,1,0.74,138,45.6,9.6,10.36,105.016,0.1806007,1.644,1.596,3.23,2.6308017,1.032,14.30924,105.0142,3528.8,260,9.6,140.2,12193.8,6.32,76.1,2.232,7.9857,20.68,-5.984123,3.043702,3.834824,0,14.102,3200,8000,0.2436,25.58,20.68,13.464,1,1991.63,138,1.2,9.6,0,0,0,0.4,0.4,45.6,6.32,5,86.4,225,0.408,1.386,0.294,1.092,2.478,1.706,5.43,6.578972,3.882,1,0.74,136.4,45.28,0,1,0,0,1,0,0,1,0,3,2,2.4,3,3,3,4.9,9.42,7.612
26,22,23,81.3,18.7,5,750,1,0,-7.936381,3.194437,1,0.68,139.065,22.187,4.187,8.5626,48.44409,0.2111267,2.78447,0.2983,1.76545,0.4085028,0.23683,16.92732,48.44193,3582.44,119.35,4.187,158.691,4806.761,14.1886,15.641,1.55683,6.812799,15.52445,-7.992901,3.171825,3.99625,1.83E-05,16.00184,1511.4,1936.6,0.517455,25.02821,15.52445,16.96127,1,1986.254,140.504,7.813,4.187,0,0,0,0,2,22.187,14.1886,4,44.561,200.545,0.27626,1.41317,0.27439,1.13878,2.55195,1.54244,3.88415,9.155215,2.954144,1,0.68,134.2398,22.54391,0,0,1,1,0,0,0.187,0,0.813,2,2,2,4,5,4.187,1.47,9.26,2.92673
27,28,46,10.3,89.7,1,322,1,1,-5.164784,3.925135,1,0.74,139.485,44.146,10,11.9648,101.50381,0.1617727,1.42575,1.3521,3.22425,1.7719457,0.73957,14.3114,101.50416,3230.85,180,10,137.455,11702.155,5.006,59.7049,2.17013,8.265099,16.81622,-5.179855,3.032691,3.820951,0.061325654,13.98873,2973.4,7330.5,0.2646,25.98927,16.81622,14.32242,1,1817.745,140.352,0.206,10,0,0,0,0,0.206,44.146,5.006,4.897,47.296,225,0.378885,1.35455,0.28691,1.06764,2.42219,1.67824,5.42425,5.208554,3.845886,1,0.74,138.6141,41.01089,0,1,0,0,1,0,0,1,0,2,2,2,3,3,3,7.02,9.42,9.1728
28,26,46,11.09,88.91,1,311.5,1,1,-5.476956,3.913667,1,0.74,140,43.782,9.7782,11.8,100.81179,0.1613428,1.506464,1.378701,3.192332,1.8837604,0.728872,14.37445,100.81123,3224.688,178.891,9.7782,138.2237,11562.876,5.19924,49.4858,2.158967,8.288714,16.41506,-5.486856,3.034116,3.822747,0.234072505,14.00189,3111.28,7268.06,0.2667345,25.88241,16.41506,14.39395,1,1826.159,140.1147,0.4436,9.7782,0,0,0,0,0.2218,43.782,5.19924,4.8891,48.2142,225.4436,0.380038,1.346711,0.281128,1.065583,2.412294,1.68109,5.392332,6.040598,3.816407,1,0.74,140,40.08393,1,0,0,0,1,0,0.1109,0.8891,0,2,2,2,3,3,3,4.98,9.42,8.927604
29,26,28,20,80,2,331.5,1,1,-5.9496,3.378,1,0.74,136,27.6,9.6,13.08,58.122,0.274216,1.792,2.018,2.946,2.0597724,0.888,11.1085,58.12372,3175.6,178,9.6,125.6,8701.2,7.12,92.74,1.894,7.69232,16.746,-6.094157,2.750239,3.465084,0.89844832,10.402,1280,1480,0.445,25.876,16.746,11.044,1,1744.6,125.8,2.4,9.6,0,0,0,0,2,27.6,7.12,4,77.2,225.8,0.2,1.208,0.25,0.958,2.166,1.754,5.146,6.73276,3.1834,1,0.74,134.2,27.04,1,0,0,0,1,0,0.2,0.8,0,2,2,2,3,3,3,4.98,7.02,6.612
30,22,23,5,95,4,389,2,0,-8.90005,3.00445,1,0.68,135.25,22.95,4.95,8.41,50.7865,0.1860937,2.6395,0.985,2.0325,0.5494767,0.3055,14.03447,50.78778,3674,157.5,4.95,153.35,6029.85,12.51,48.45,1.6255,6.750286,21.1325,-8.881059,2.976083,3.749629,1.13E-06,13.194,3190,3310,0.49075,24.8985,21.1325,14.0695,1,2170.9,134.4,7.05,4.95,0,0,0,0,2,22.95,12.51,4,46.85,227.25,0.261,1.3445,0.2515,1.093,2.4375,1.634,4.2275,9.023193,2.980173,1,0.68,134.7625,22.8575,0,0,1,1,0,0,0.95,0,0.05,2,2,2,4,5,4.95,1.47,9.26,8.8705
31,29,28,46,54,6,630,1,1,-4.584142,3.56944,1,0.74,135,28.46,10.46,14.826,60.9256,0.2671482,1.4614,1.1612,2.655,1.5653722,0.9238,11.35007,60.9256,3192.44,161.6,10.46,127.68,8913.52,6.501,114.944,1.9054,7.679627,15.6952,-4.688116,2.772923,3.493664,0.321513138,10.665,1276,1500,0.41686,25.3202,15.6952,11.297,1,1557.694,126,1.54,10.46,0,0,0,0.46,1.54,28.46,6.501,4,63.12,225,0.1904,1.1924,0.2692,0.9232,2.1156,1.6212,4.855,5.825471,3.488682,1,0.74,135,27.7516,0,1,0,0,1,0,0,1,0,1,2,1.54,2,3,2.54,0.695,7.02,4.1105
32,27,46,19.76,80.24,1,315,1,1,-5.500646,3.88229,1,0.74,139.012,42.2456,9.8024,12.03712,97.03598,0.1706138,1.52844,1.41832,3.18084,1.810302,0.775328,13.96677,97.03661,3228.886,180,9.8024,136.4312,11405.895,5.33352,55.676,2.136768,8.246816,16.6333,-5.521635,3.00083,3.780809,0.305977909,13.587,3180.24,6952.72,0.2789752,25.74881,16.6333,14.00864,1,1816.184,138.6408,0.5928,9.8024,0,0,0,0,0.3952,42.2456,5.33352,4.8024,50.1256,218.8744,0.362456,1.316648,0.268264,1.048384,2.365032,1.685808,5.38084,6.009696,3.756049,1,0.74,137.6217,36.96241,0,0,1,0,1,0,0,0.8024,0.1976,2,2,2,3,3,3,4.73,9.42,8.493256
33,45,46,20,80,10,391,1,1,-5.53892,3.947,1,0.74,139,45.8,9.8,11.08,105.718,0.1645815,1.522,1.438,3.24,2.1963461,0.876,14.50381,105.7171,3382.4,220,9.8,139.6,12108.4,5.56,64.9,2.216,8.1613,18.71,-5.560949,3.054825,3.848838,0,14.256,3200,8000,0.2438,25.78,18.71,14.092,1,1909.84,140,0.6,9.8,0,0,0,0.2,0.2,45.8,5.56,5,65.2,225,0.404,1.378,0.292,1.086,2.464,1.688,5.44,6.098948,3.912,1,0.74,137.6,45.52,0,1,0,0,1,0,0,1,0,3,2,2.2,3,3,3,4.9,9.42,8.516
34,27,46,1.29,98.71,1,312,1,1,-5.162516,3.966143,1,0.74,139.9355,45.7549,9.9871,11.81548,105.80738,0.1500019,1.408385,1.28903,3.245485,1.765051,0.723612,14.65062,105.80742,3235.536,180,9.9871,138.8323,11982.713,4.83483,53.829,2.195872,8.331019,16.73303,-5.162834,3.061696,3.857495,0.019975278,14.35627,3198.71,7931.63,0.2462833,25.96491,16.73303,14.67356,1,1827.275,141.7807,0.0387,9.9871,0,0,0,0,0.0258,45.7549,4.83483,4.9871,44.3999,224.6001,0.397549,1.366517,0.288581,1.077936,2.444453,1.671032,5.445485,5.208834,3.954657,1,0.74,139.809,45.27419,0,0,1,0,1,0,0,0.9871,0.0129,2,2,2,3,3,3,4.73,9.42,9.359499
35,79,46,55.7,44.3,11,322.5,1,1,-4.060381,4.083957,1,0.74,137.215,64.381,10.557,13.1368,156.85635,0.1333987,0.93769,0.83997,3.0829,1.2009443,2.08465,15.9509,156.85444,3176.401,202.28,10.557,137.329,16076.289,5.357,147.8887,2.38938,8.831867,14.40617,-4.063833,3.152001,3.971272,0,15.68553,2030.3,4101,0.179945,25.66697,14.40617,15.96768,1,1554.719,142.557,0.557,18.355,7.798,0,0,0.557,0.557,64.381,5.357,5.557,34.531,225,0.449016,1.41456,0.26215,1.15241,2.56697,1.6143,5.2829,5.616684,3.922403,1,0.74,136.2987,37.85722,0,1,0,0,1,0,0,1,0,1,2,1.443,3,3,3,0.729,9.42,4.579113
36,45,46,5,95,10,390,1,1,-5.238905,3.96575,1,0.74,139.75,45.95,9.95,11.62,106.2445,0.1525671,1.4305,1.3195,3.2475,1.8705044,0.759,14.64974,106.24428,3272.6,190,9.95,139.15,12044.35,4.99,56.5,2.204,8.293,17.2325,-5.243568,3.063166,3.859348,0,14.3715,3200,8000,0.24395,25.93,17.2325,14.563,1,1848.497,141.5,0.15,9.95,0,0,0,0.05,0.05,45.95,4.99,5,49.3,225,0.401,1.372,0.2905,1.0815,2.4535,1.6745,5.4475,5.423914,3.954188,1,0.74,139.2875,45.8575,0,1,0,0,1,0,0,1,0,3,2,2.05,3,3,3,4.9,9.42,9.194
37,27,46,5.35,94.65,1,313.5,1,1,-5.236842,3.947711,1,0.74,139.7325,44.9835,9.9465,11.8642,103.87928,0.1545328,1.434775,1.31745,3.231275,1.7749979,0.73498,14.5003,103.87946,3234.074,180,9.9465,138.3045,11855.919,4.94445,54.235,2.18288,8.31251,16.71111,-5.241704,3.048317,3.840638,0.082843209,14.18717,3194.65,7716.45,0.2534695,25.9174,16.71111,14.5274,1,1824.837,141.0905,0.1605,9.9465,0,0,0,0,0.107,44.9835,4.94445,4.9465,45.6585,223.3415,0.389835,1.355555,0.284115,1.07144,2.426995,1.67428,5.431275,5.417008,3.903031,1,0.74,139.2404,43.11365,0,0,1,0,1,0,0,0.9465,0.0535,2,2,2,3,3,3,4.73,9.42,9.169085
38,24,46,3.21,96.79,1,319,1,1,-5.265554,3.960669,1,0.74,140,45.2938,9.8716,11.57851,104.67312,0.1535425,1.408667,1.296692,3.22432,1.8416057,0.727062,14.61475,104.67299,3226.627,179.358,9.8716,139,11866.256,5.01828,54.04026,2.182666,8.28649,16.87675,-5.277986,3.057991,3.852827,0,14.30664,3196.79,7874.81,0.2505805,25.89558,16.87675,14.63301,1,1839.348,141.6148,0.1926,9.8716,0,0,0,0.0321,0.0321,45.2938,5.01828,4.9679,46.2791,225.1284,0.395185,1.37,0.290321,1.079679,2.449679,1.671926,5.42432,5.506665,3.939097,1,0.74,140,43.94941,1,0,0,0,1,0,0.0321,0.9679,0,2,2,2,6,3,3.0963,1.4,9.42,9.162558
39,29,30,65.64846,34.351537,7,620,2,1,-2.762142,3.736803,1,0.74,135,29.34352,11.343515,21.206161,64.18207,0.3310751,0.9617526,0.5022935,2.12977,1.1953816,1.0155734,12.98956,64.17601,2506.099,115.9539,11.343515,128.5648,8308.543,2.039266,77.72778,1.814121,8.299301,11.35616,-2.842252,2.88551,3.635515,0,12.06276,1600,1637.406,0.3860305,24.76634,11.35616,12.97108,1,1129.301,130.8092,0.6564846,11.343515,0,0,0,0.6564846,1.343515,29.34352,6.035495,4,46.28242,214.351,0.181564846,1.125648,0.2662594,0.8593891,1.985038,1.418473,4.32977,2.813265,3.730626,1,0.74,135,29.32346,0,1,0,0,0,1,0,0.6564846,0.34351537,1,2,1.343515,2,2,2,0.695,0.64,0.6761067
40,26,28,90,10,2,331.5,1,0,-7.97686,2.8197,1,0.68,139.5,26.2,8.2,11.96,56.134,0.2651069,2.28,2.151,2.757,0.6285286,0.811,11.69376,56.12984,3139.2,171,8.2,131.2,7977.4,8.24,25.33,1.838,7.87614,14.177,-8.011568,2.775338,3.496707,1.95913599,10.689,2260,1410,0.4485,25.197,14.177,11.688,1,1802.7,125.1,3.8,8.2,0,0,0,0,2,26.2,8.24,4,81.4,228.6,0.2175,1.166,0.215,0.951,2.117,1.768,4.957,6.099838,2.79693,1,0.68,134.55,27.46,1,0,0,0,1,0,0.9,0.1,0,2,2,2,3,3,3,4.98,7.02,5.184
41,41,23,25,75,8,400,1,0,-9.23405,3.0745,1,0.68,137.5,27.5,5,8.125,61.4325,0.1635118,2.7075,1.03,2,0.4668496,0.3675,14.88421,61.43272,4014.25,162.5,5,155.75,6725,13.225,59.475,1.6225,6.749355,23.625,-9.227776,3.050666,3.843598,0,14.3025,4600,4750,0.433,24.8175,23.625,14.9475,1,2324.75,136.25,7,5,0,0,0,0.25,1.75,27.5,13.225,4.25,44.75,229,0.3225,1.3875,0.2625,1.125,2.5125,1.64,4.2,9.572612,2.930125,1,0.68,133.125,19.625,1,0,0,1,0,0,1,0,0,3,2,2.25,5,5,5,7.79,9.26,8.8925
42,26,28,95.5,4.5,2,331.5,1,0,-8.140727,2.820965,1,0.68,139.775,26.09,8.09,11.872,55.9778,0.2643911,2.3515,2.16145,2.74215,0.6149573,0.80495,11.73974,55.97318,3136.34,170.45,8.09,131.64,7920.53,8.328,20.0335,1.8336,7.890583,13.97515,-8.162222,2.77731,3.499191,2.042475736,10.71155,2337,1404.5,0.448775,25.14365,13.97515,11.7386,1,1807.265,125.045,3.91,8.09,0,0,0,0,2,26.09,8.328,4,81.73,228.82,0.218875,1.1627,0.21225,0.95045,2.11315,1.7691,4.94215,5.679519,2.798012,1,0.68,134.7851,27.74215,1,0,0,0,1,0,0.955,0.045,0,2,2,2,3,3,3,4.98,7.02,5.0718
43,24,46,7.79,92.21,1,320,1,1,-5.446262,3.944501,1,0.74,140,44.2862,9.6884,11.26249,102.18068,0.1606481,1.421033,1.320508,3.18768,1.9553426,0.737138,14.49542,102.18038,3213.253,178.442,9.6884,139,11642.614,5.32972,54.52574,2.157934,8.214567,17.07185,-5.478037,3.046638,3.838524,0,14.15916,3192.21,7696.19,0.2599695,25.77512,17.07185,14.50889,1,1855.467,141.0652,0.4674,9.6884,0,0,0,0.0779,0.0779,44.2862,5.32972,4.9221,49.5309,225.3116,0.388315,1.37,0.290779,1.079221,2.449221,1.674674,5.38768,5.989156,3.89593,1,0.74,140,41.25912,1,0,0,0,1,0,0.0779,0.9221,0,2,2,2,6,3,3.2337,1.4,9.42,8.795242
44,47,46,20,80,9,718.15,1,1,-4.65646,4.0086,1,0.74,144,46.2,10.2,13.22,106.71,0.1556572,1.322,1.196,3.03,2.1431567,1.434,15.17384,106.70964,3075.8,164,10.2,140.2,11716.4,5.238,68.08,2.146,8.184766,15.652,-4.663298,3.092054,3.895744,0,14.794,2800,6680,0.2422,25.854,15.652,15.186,1,1709.426,142.4,0.2,10.2,0,0,0,0.2,0.2,46.2,5.238,5,41.2,225,0.397,1.362,0.289,1.073,2.435,1.608,5.23,5.524852,3.94272,1,0.74,136.8,45.84,0,1,0,0,1,0,0,1,0,1,2,1.8,1,3,2.6,0.646,9.42,7.6652
45,25,46,2.22,97.78,1,316,1,1,-5.222141,3.961566,1,0.74,140,45.5338,9.9334,12.01978,105.27714,0.151249,1.427528,1.269122,3.2278,1.7856576,0.705792,14.6432,105.2771,3215.976,178.668,9.9334,139,11921.923,4.90212,52.50786,2.18557,8.316856,16.65497,-5.223973,3.059107,3.854233,6.88E-06,14.32292,3164.48,7862.36,0.249217,25.98755,16.65497,14.66406,1,1821.189,141.778,0.111,9.9334,0,0,0,0,0.0444,45.5338,4.90212,4.9778,44.7548,224.8224,0.396226,1.366892,0.28889,1.078002,2.444894,1.668668,5.4278,5.38308,3.941393,1,0.74,140,44.63245,0,0,0,0,1,0,0,0.9778,0,2,2,2,7,3,3.0888,9.2,9.42,9.415116
46,22,23,30,70,4,389,2,0,-8.5843,3.0667,1,0.68,136.5,22.7,4.7,8.46,50.019,0.1942959,2.687,0.76,1.945,0.503286,0.283,14.98232,50.01915,3644,145,4.7,155.1,5629.1,13.06,37.7,1.603,6.770769,19.295,-8.590051,3.040219,3.830435,6.75E-06,14.114,2640,2860,0.4995,24.941,19.295,15.017,1,2110.4,136.4,7.3,4.7,0,0,0,0,2,22.7,13.06,4,46.1,218.5,0.266,1.367,0.259,1.108,2.475,1.604,4.115,9.22843,2.93971,1,0.68,133.95,22.37,0,0,1,1,0,0,0.7,0,0.3,2,2,2,4,5,4.7,1.47,9.26,6.923
47,28,46,4.18,95.82,1,321.5,1,1,-5.149404,3.952981,1,0.74,139.791,45.2476,10,11.86688,104.42489,0.1539235,1.41045,1.30926,3.23955,1.7659712,0.727942,14.54134,104.42503,3233.91,180,10,138.373,11892.793,4.8836,56.13694,2.187878,8.307761,16.77093,-5.154852,3.052451,3.845847,0.024887498,14.23904,3108.04,7728.3,0.25236,25.98376,16.77093,14.55865,1,1823.868,141.3312,0.0836,10,0,0,0,0,0.0836,45.2476,4.8836,4.9582,45.3376,225,0.391431,1.36373,0.288746,1.074984,2.438714,1.673344,5.43955,5.169096,3.917328,1,0.74,139.3992,43.83715,0,1,0,0,1,0,0,1,0,2,2,2,3,3,3,7.02,9.42,9.31968
48,22,23,10,90,4,389,2,0,-8.8369,3.0169,1,0.68,135.5,22.9,4.9,8.42,50.633,0.1877341,2.649,0.94,2.015,0.5402385,0.301,14.22404,50.63405,3668,155,4.9,153.7,5949.7,12.62,46.3,1.621,6.754383,20.765,-8.822857,2.98891,3.76579,2.25E-06,13.378,3080,3220,0.4925,24.907,20.765,14.259,1,2158.8,134.8,7.1,4.9,0,0,0,0,2,22.9,12.62,4,46.7,225.5,0.262,1.349,0.253,1.096,2.445,1.628,4.205,9.07687,2.96959,1,0.68,134.55,22.73,0,0,1,1,0,0,0.9,0,0.1,2,2,2,4,5,4.9,1.47,9.26,8.481
49,24,46,1.99,98.01,1,318.5,1,1,-5.217417,3.964975,1,0.74,140,45.5622,9.9204,11.66269,105.33704,0.1516497,1.405373,1.290348,3.23408,1.811309,0.724378,14.64654,105.33696,3230.189,179.602,9.9204,139,11925.828,4.93532,53.91094,2.189254,8.305649,16.82477,-5.224697,3.061015,3.856637,0,14.34592,3198.01,7922.39,0.2480795,25.92766,16.82477,14.66607,1,1835.054,141.7612,0.1194,9.9204,0,0,0,0.0199,0.0199,45.5622,4.93532,4.9801,45.4129,225.0796,0.397015,1.37,0.290199,1.079801,2.449801,1.671194,5.43408,5.369765,3.951345,1,0.74,140,44.71274,1,0,0,0,1,0,0.0199,0.9801,0,2,2,2,6,3,3.0597,1.4,9.42,9.260402
50,27,28,50,50,6,630,1,1,-6.1799,3.5175,1,0.74,135,27.5,9.5,13.2,58.81,0.2684888,1.85,1.98,2.95,1.9332008,0.955,10.96857,58.8133,3193,180,9.5,125,8904,7.15,87.85,1.895,7.760405,16.84,-6.313357,2.739737,3.451853,1.07193295,10.2825,2050,2100,0.4325,25.44,16.84,10.99,1,1748,125.5,2.5,9.5,0,0,0,0,2,27.5,7.15,4,75.5,209.5,0.2025,1.16,0.22,0.94,2.1,1.75,5.15,6.57475,3.51675,1,0.74,135,27.25,0,0,1,0,1,0,0,0.5,0.5,2,2,2,3,3,3,4.73,7.02,5.875
51,26,46,2.97,97.03,1,311.5,1,1,-5.229435,3.956378,1,0.74,140,45.406,9.9406,11.8,104.91807,0.1519851,1.428512,1.306433,3.234556,1.7945284,0.722376,14.61163,104.91792,3232.971,179.703,9.9406,138.7921,11899.775,4.90692,52.5714,2.189011,8.323995,16.65298,-5.231262,3.057423,3.852111,0.062686685,14.3007,3176.24,7803.98,0.2500885,25.95386,16.65298,14.63268,1,1827.544,141.4951,0.1188,9.9406,0,0,0,0,0.0594,45.406,4.90692,4.9703,45.1286,225.1188,0.394654,1.363763,0.287624,1.076139,2.439902,1.67297,5.434556,5.402437,3.926525,1,0.74,140,44.27093,1,0,0,0,1,0,0.0297,0.9703,0,2,2,2,3,3,3,4.98,9.42,9.288132
52,41,23,50,50,8,400,1,0,-9.5049,3.157,1,0.68,140,32,5,7.85,71.925,0.1425704,2.785,1.03,1.95,0.3749843,0.425,15.92352,71.92394,4348.5,165,5,158.5,7340,14.05,68.35,1.615,6.75252,25.75,-9.516291,3.138076,3.953728,0,15.595,5900,6100,0.377,24.745,25.75,16.015,1,2466.5,138.5,7,5,0,0,0,0.5,1.5,32,14.05,4.5,42.5,229,0.385,1.435,0.275,1.16,2.595,1.64,4.15,9.77575,2.9095,1,0.68,132.5,18.5,1,0,0,1,0,0,1,0,0,3,2,2.5,5,5,5,7.79,9.26,8.525
53,28,46,14.87,85.13,1,322.5,1,1,-5.176268,3.904342,1,0.74,139.2565,43.3234,10,12.03792,99.32255,0.1676341,1.437175,1.38409,3.212825,1.7764071,0.748253,14.13971,99.32305,3228.565,180,10,136.7695,11559.799,5.0974,62.36921,2.156877,8.233241,16.85004,-5.198526,3.017935,3.80236,0.088535192,13.80182,2872.86,7033.45,0.27374,25.99338,16.85004,14.14602,1,1813.173,139.6208,0.2974,10,0,0,0,0,0.2974,43.3234,5.0974,4.8513,48.7584,225,0.3695165,1.347695,0.285539,1.062156,2.409851,1.681896,5.412825,5.234335,3.799207,1,0.74,138.1012,39.16423,0,1,0,0,1,0,0,1,0,2,2,2,3,3,3,7.02,9.42,9.06312
54,25,46,1.4,98.6,1,315.5,1,1,-5.191394,3.96542,1,0.74,140,45.706,9.958,11.9386,105.69928,0.1502567,1.41736,1.27314,3.236,1.7768788,0.71104,14.66359,105.69925,3223.372,179.16,9.958,139,11959.258,4.8644,52.9482,2.1909,8.32426,16.68638,-5.192134,3.061634,3.857417,4.34E-06,14.35509,3177.6,7913.2,0.24729,25.98476,16.68638,14.68472,1,1823.723,141.86,0.07,9.958,0,0,0,0,0.028,45.706,4.8644,4.986,44.476,224.888,0.39762,1.36804,0.2893,1.07874,2.44678,1.66916,5.436,5.294178,3.952536,1,0.74,140,45.13035,0,0,0,0,1,0,0,0.986,0,2,2,2,7,3,3.056,9.2,9.42,9.41692
55,27,28,30,70,6,630,1,1,-5.86402,3.5173,1,0.74,135,27.7,9.7,13.28,58.762,0.2718207,1.77,1.98,2.97,1.9037259,0.937,10.95766,58.76534,3190.2,180,9.7,124.6,8905.6,7.01,97.51,1.901,7.712163,17.096,-6.006544,2.74107,3.453531,0.88131765,10.2975,1630,1860,0.4371,25.692,17.096,10.938,1,1740,125.7,2.3,9.7,0,0,0,0,2,27.7,7.01,4,75.7,215.7,0.1995,1.184,0.236,0.948,2.132,1.75,5.17,6.385222,3.51679,1,0.74,135,27.37,0,0,1,0,1,0,0,0.7,0.3,2,2,2,3,3,3,4.73,7.02,6.333
56,41,23,10,90,4,389,1,0,-9.07154,3.025,1,0.68,136,24.8,5,8.29,55.137,0.1760767,2.661,1.03,2.03,0.5219687,0.333,14.26062,55.13799,3813.7,161,5,154.1,6356,12.73,54.15,1.627,6.747456,22.35,-9.054667,2.99822,3.77752,0,13.527,3820,3940,0.4666,24.861,22.35,14.307,1,2239.7,134.9,7,5,0,0,0,0.1,1.9,24.8,12.73,4.1,46.1,229,0.285,1.359,0.255,1.104,2.463,1.64,4.23,9.255718,2.9623,1,0.68,134.1,21.38,1,0,0,1,0,0,1,0,0,3,2,2.1,5,5,5,7.79,9.26,9.113
57,27,28,10,90,6,630,1,1,-5.54814,3.5171,1,0.74,135,27.9,9.9,13.36,58.714,0.2751526,1.69,1.98,2.99,1.8742511,0.919,10.94674,58.71738,3187.4,180,9.9,124.2,8907.2,6.87,107.17,1.907,7.663921,17.352,-5.699731,2.742402,3.45521,0.69070235,10.3125,1210,1620,0.4417,25.944,17.352,10.886,1,1732,125.9,2.1,9.9,0,0,0,0,2,27.9,6.87,4,75.9,221.9,0.1965,1.208,0.252,0.956,2.164,1.75,5.19,5.816638,3.51691,1,0.74,135,27.73,0,0,1,0,1,0,0,0.9,0.1,2,2,2,3,3,3,4.73,7.02,6.791
58,29,30,80.45243,19.547575,7,620,2,1,-3.139554,3.691207,1,0.74,135,29.19548,11.195476,19.178018,63.90968,0.2986332,1.0816646,0.3720187,2.181583,1.2060237,0.9830047,12.48982,63.9045,2805.139,126.3167,11.195476,130.0452,8572.053,3.810807,95.25567,1.851131,8.052398,12.32315,-3.203566,2.852094,3.593413,0,11.63492,1600,1578.19,0.3855864,24.6257,12.32315,12.47071,1,1227.761,128.7367,0.8045243,11.195476,0,0,0,0.8045243,1.195476,29.19548,6.084841,4,47.02262,218.9403,0.183045243,1.140452,0.272181,0.8682715,2.008724,1.440679,4.381583,2.291294,3.793687,1,0.74,135,29.52821,0,1,0,0,0,1,0,0.8045243,0.19547575,1,2,1.195476,2,2,2,0.695,0.64,0.6842488
59,41,23,10,90,4,389,2,0,-9.07154,3.025,1,0.68,136,24.8,5,8.29,55.137,0.1760767,2.661,1.03,2.03,0.5219687,0.333,14.26062,55.13799,3813.7,161,5,154.1,6356,12.73,54.15,1.627,6.747456,22.35,-9.054667,2.99822,3.77752,0,13.527,3820,3940,0.4666,24.861,22.35,14.307,1,2239.7,134.9,7,5,0,0,0,0.1,1.9,24.8,12.73,4.1,46.1,229,0.285,1.359,0.255,1.104,2.463,1.64,4.23,9.255718,2.9623,1,0.68,134.1,21.38,1,0,0,1,0,0,1,0,0,3,2,2.1,5,5,5,7.79,9.26,9.113
60,79,46,44.7,55.3,11,322.5,1,1,-4.273374,4.061847,1,0.74,137.765,60.751,10.447,12.8728,146.89585,0.1363933,1.02899,0.92687,3.1159,1.3117236,1.81515,15.70355,146.89432,3188.171,197.88,10.447,137.659,15275.819,5.247,129.2877,2.35198,8.734118,14.86707,-4.275922,3.135006,3.94986,0,15.43363,2261.3,4871,0.192595,25.72879,14.86707,15.72128,1,1608.698,142.447,0.447,16.705,6.258,0,0,0.447,0.447,60.751,5.247,5.447,36.401,225,0.439336,1.40576,0.26765,1.13811,2.54387,1.6253,5.3159,5.617536,3.922315,1,0.74,136.2921,37.8427,0,1,0,0,1,0,0,1,0,1,2,1.553,3,3,3,0.729,9.42,5.535123
61,29,30,70.60482,29.395182,7,620,2,1,-2.888499,3.721537,1,0.74,135,29.29395,11.293952,20.52714,64.09087,0.3202136,1.001899,0.4586776,2.147117,1.1989445,1.0046694,12.82225,64.08511,2606.217,119.4234,11.293952,129.0605,8396.766,2.632377,83.5961,1.826512,8.216638,11.67991,-2.96322,2.874322,3.621419,0,11.91952,1600,1617.581,0.3858819,24.71925,11.67991,12.80356,1,1162.266,130.1153,0.7060482,11.293952,0,0,0,0.7060482,1.293952,29.29395,6.052016,4,46.53024,215.8875,0.182060482,1.130605,0.2682419,0.8623629,1.992968,1.425907,4.347117,2.675839,3.747229,1,0.74,135,29.37737,0,1,0,0,0,1,0,0.7060482,0.29395182,1,2,1.293952,2,2,2,0.695,0.64,0.6788327
62,26,46,5.45,94.55,1,311.5,1,1,-5.305032,3.943333,1,0.74,140,44.91,9.891,11.8,103.66393,0.1548431,1.45232,1.328505,3.22166,1.8217815,0.72436,14.53919,103.66366,3230.441,179.455,9.891,138.6185,11796.879,4.9962,51.629,2.179835,8.31322,16.58031,-5.309325,3.050304,3.843143,0.115031123,14.20944,3156.4,7640.3,0.2551725,25.93204,16.58031,14.55977,1,1827.121,141.0735,0.218,9.891,0,0,0,0,0.109,44.91,4.9962,4.9455,46.071,225.218,0.39019,1.358555,0.28564,1.072915,2.43147,1.67545,5.42166,5.610134,3.890686,1,0.74,140,42.90821,1,0,0,0,1,0,0.0545,0.9455,0,2,2,2,3,3,3,4.98,9.42,9.17802
63,27,46,2.08,97.92,1,312.5,1,1,-5.176979,3.962557,1,0.74,139.896,45.6048,9.9792,11.82496,105.43221,0.1508836,1.41352,1.29456,3.24272,1.7669865,0.725824,14.62137,105.43227,3235.251,180,9.9792,138.7296,11958.042,4.85616,53.908,2.193344,8.327417,16.72877,-5.178181,3.059093,3.854215,0.032208201,14.32337,3197.92,7889.76,0.2476816,25.95566,16.72877,14.64512,1,1826.801,141.6464,0.0624,9.9792,0,0,0,0,0.0416,45.6048,4.85616,4.9792,44.6448,224.3552,0.396048,1.364384,0.287712,1.076672,2.441056,1.671664,5.44272,5.25076,3.94426,1,0.74,139.6945,44.83906,0,0,1,0,1,0,0,0.9792,0.0208,2,2,2,3,3,3,4.73,9.42,9.322448
64,47,46,40,60,9,718.15,1,1,-4.17402,4.0452,1,0.74,148,46.4,10.4,14.64,107,0.1627521,1.244,1.112,2.81,2.5244228,2.148,15.64929,106.99928,2915.6,148,10.4,141.4,11409.8,5.676,82.46,2.092,8.032632,14.564,-4.188822,3.11816,3.928636,0,15.178,2400,5360,0.2404,25.728,14.564,15.652,1,1590.802,142.8,0.4,10.4,0,0,0,0.4,0.4,46.4,5.676,5,38.4,225,0.394,1.354,0.288,1.066,2.42,1.546,5.01,5.717828,3.92808,1,0.74,135.2,45.76,0,1,0,0,1,0,0,1,0,1,2,1.6,1,3,2.2,0.646,9.42,5.9104
65,26,46,1.12,98.88,1,311.5,1,1,-5.173041,3.966109,1,0.74,140,45.776,9.9776,11.8,105.85362,0.1498531,1.410752,1.289968,3.244176,1.7741984,0.720896,14.66567,105.85356,3234.858,179.888,9.9776,138.9216,11976.531,4.84032,53.2744,2.195856,8.332034,16.70718,-5.173029,3.062732,3.858801,0.023639423,14.36878,3191.04,7926.08,0.246296,25.97014,16.70718,14.68707,1,1827.859,141.8096,0.0448,9.9776,0,0,0,0,0.0224,45.776,4.84032,4.9888,44.4256,225.0448,0.397984,1.367648,0.289104,1.078544,2.446192,1.67112,5.444176,5.240176,3.954524,1,0.74,140,45.33553,1,0,0,0,1,0,0.0112,0.9888,0,2,2,2,3,3,3,4.98,9.42,9.370272
66,24,46,10.39,89.61,1,320.5,1,1,-5.548848,3.935323,1,0.74,140,43.7142,9.5844,11.08309,100.76576,0.1646818,1.428053,1.334028,3.16688,2.0199094,0.742858,14.42768,100.76536,3205.661,177.922,9.5844,139,11515.656,5.50652,54.80134,2.143894,8.173736,17.18261,-5.591604,3.040194,3.830404,0,14.07544,3189.61,7594.79,0.2652995,25.70674,17.18261,14.43843,1,1864.618,140.7532,0.6234,9.5844,0,0,0,0.1039,0.1039,43.7142,5.50652,4.8961,51.3769,225.4156,0.384415,1.37,0.291039,1.078961,2.448961,1.676234,5.36688,6.240963,3.873402,1,0.74,140,39.85508,1,0,0,0,1,0,0.1039,0.8961,0,2,2,2,6,3,3.3117,1.4,9.42,8.586722
67,41,23,75,25,4,389,2,0,-9.77575,3.2395,1,0.68,142.5,36.5,5,7.575,82.4175,0.1216291,2.8625,1.03,1.9,0.2831191,0.4825,16.96282,82.41516,4682.75,167.5,5,161.25,7955,14.875,77.225,1.6075,6.755685,27.875,-9.804806,3.225487,4.063859,0,16.8875,7200,7450,0.321,24.6725,27.875,17.0825,1,2608.25,140.75,7,5,0,0,0,0.75,1.25,36.5,14.875,4.75,40.25,229,0.4475,1.4825,0.2875,1.195,2.6775,1.64,4.1,9.572612,2.930125,1,0.68,133.125,19.625,1,0,0,1,0,0,1,0,0,3,2,2.75,5,5,5,7.79,9.26,8.1575
68,22,23,1,99,4,389,1,0,-8.95057,2.99449,1,0.68,135.05,22.99,4.99,8.402,50.9093,0.1847813,2.6319,1.021,2.0465,0.5568672,0.3091,13.88281,50.91076,3678.8,159.5,4.99,153.07,6093.97,12.422,50.17,1.6291,6.747009,21.4265,-8.92762,2.965821,3.7367,2.25E-07,13.0468,3278,3382,0.48935,24.8917,21.4265,13.9179,1,2180.58,134.08,7.01,4.99,0,0,0,0,2,22.99,12.422,4,46.97,228.65,0.2602,1.3409,0.2503,1.0906,2.4315,1.6388,4.2455,8.975704,2.989535,1,0.68,134.9505,22.9703,0,0,1,1,0,0,0.99,0,0.01,2,2,2,4,5,4.99,1.47,9.26,9.1821
69,41,23,50,50,4,389,2,0,-9.5049,3.157,1,0.68,140,32,5,7.85,71.925,0.1425704,2.785,1.03,1.95,0.3749843,0.425,15.92352,71.92394,4348.5,165,5,158.5,7340,14.05,68.35,1.615,6.75252,25.75,-9.516291,3.138076,3.953728,0,15.595,5900,6100,0.377,24.745,25.75,16.015,1,2466.5,138.5,7,5,0,0,0,0.5,1.5,32,14.05,4.5,42.5,229,0.385,1.435,0.275,1.16,2.595,1.64,4.15,9.77575,2.9095,1,0.68,132.5,18.5,1,0,0,1,0,0,1,0,0,3,2,2.5,5,5,5,7.79,9.26,8.525
70,22,13,12,88,12,1110.5,1,2,-7.310136,2.92192,1.5872,0.74,138.2,20.92,3.88,10.34,45.3632,0.2468729,1.9836,0.196,1.736,1.1750384,0.478,16.71945,29.48779,2884.16,80.08,11.92,125.68,2916.84,7.736,38.312,1.6016,6.08685,11.1228,-4.229,3.207865,4.041657,2.70E-06,16.5052,1540,1072,0.85224,24.3032,11.1228,16.7372,0.12,1054.374,141.12,5.36,3.12,0,4.4,0.88,0,2,14.08,7.736,3.12,28.16,221.28,0.363084,0.968,0.1524,0.8156,1.7836,1.4056,4.152,8.244052,2.910309,1.573664,0.74,135.248,19.1488,0,0,1,0,1,0,0,0.88,0.12,2,3,2.88,4,3,3.12,1.47,1.35,1.3644
71,22,23,5,95,4,389,1,0,-8.90005,3.00445,1,0.68,135.25,22.95,4.95,8.41,50.7865,0.1860937,2.6395,0.985,2.0325,0.5494767,0.3055,14.03447,50.78778,3674,157.5,4.95,153.35,6029.85,12.51,48.45,1.6255,6.750286,21.1325,-8.881059,2.976083,3.749629,1.13E-06,13.194,3190,3310,0.49075,24.8985,21.1325,14.0695,1,2170.9,134.4,7.05,4.95,0,0,0,0,2,22.95,12.51,4,46.85,227.25,0.261,1.3445,0.2515,1.093,2.4375,1.634,4.2275,9.023193,2.980173,1,0.68,134.7625,22.8575,0,0,1,1,0,0,0.95,0,0.05,2,2,2,4,5,4.95,1.47,9.26,8.8705
72,22,23,70,30,5,750,1,0,-8.0791,3.1663,1,0.68,138.5,22.3,4.3,8.54,48.791,0.2074194,2.763,0.4,1.805,0.429381,0.247,16.49889,48.78935,3596,125,4.3,157.9,4987.9,13.94,20.5,1.567,6.803541,16.355,-8.124437,3.142836,3.959725,1.58E-05,15.586,1760,2140,0.5135,25.009,16.355,16.533,1,2013.6,139.6,7.7,4.3,0,0,0,0,2,22.3,13.94,4,44.9,204.5,0.274,1.403,0.271,1.132,2.535,1.556,3.935,9.22843,2.93971,1,0.68,133.95,22.37,0,0,1,1,0,0,0.3,0,0.7,2,2,2,4,5,4.3,1.47,9.26,3.807
73,47,46,50,50,9,718.15,1,1,-3.9328,4.0635,1,0.74,150,46.5,10.5,15.35,107.145,0.1662995,1.205,1.07,2.7,2.7150558,2.505,15.88702,107.1441,2835.5,140,10.5,142,11256.5,5.895,89.65,2.065,7.956565,14.02,-3.951584,3.131214,3.945082,0,15.37,2200,4700,0.2395,25.665,14.02,15.885,1,1531.49,143,0.5,10.5,0,0,0,0.5,0.5,46.5,5.895,5,37,225,0.3925,1.35,0.2875,1.0625,2.4125,1.515,4.9,5.74195,3.92625,1,0.74,135,45.75,0,1,0,0,1,0,0,1,0,1,2,1.5,1,3,2,0.646,9.42,5.033
74,25,46,11.05,88.95,1,317.5,1,1,-5.553231,3.920065,1,0.74,140,43.6795,9.6685,12.89395,100.73146,0.1619353,1.53702,1.225855,3.1395,1.8801904,0.64928,14.42372,100.73124,3136.329,173.37,9.6685,139,11519.894,5.3083,47.76615,2.128175,8.237132,16.31678,-5.566823,3.031901,3.819956,3.43E-05,13.97657,3023.2,7314.9,0.2699675,26.01757,16.31678,14.44154,1,1793.9,140.895,0.5525,9.6685,0,0,0,0,0.221,43.6795,5.3083,4.8895,47.757,224.116,0.381215,1.35453,0.284475,1.070055,2.424585,1.66337,5.3395,6.244542,3.833411,1,0.74,140,39.80775,0,0,0,0,1,0,0,0.8895,0,2,2,2,7,3,3.442,9.2,9.42,9.39569
